,City,Lat,Lng,Max Temp,Humidity,Cloudiness,Wind Speed,Country,Date
0,Port Lincoln,-34.73,135.87,58.6,54,100,18.19,AU,1598923785
1,Puerto Colombia,10.99,-74.95,80.6,83,20,5.82,CO,1598923687
2,Shitanjing,39.23,106.34,69.62,31,7,9.04,CN,1598923786
3,Zhezkazgan,47.8,67.71,67.68,35,100,10.33,KZ,1598923786
4,Ambovombe,-25.17,46.08,65.59,94,8,5.23,MG,1598923786
5,Dikson,73.51,80.55,44.96,90,30,6.71,RU,1598923786
6,Puerto Ayora,-0.74,-90.35,64.92,83,97,10.22,EC,1598923659
7,Gornyy,55.12,83.91,59.43,77,100,13.69,RU,1598923787
8,Orsha,54.52,30.41,55.0,91,99,12.01,BY,1598923787
9,Tighina,46.83,29.47,60.8,72,0,2.24,MD,1598923787
10,Riachão do Jacuípe,-11.81,-39.39,68.16,86,0,6.22,BR,1598923787
11,Passo de Camaragibe,-9.24,-35.49,73.4,94,40,5.82,BR,1598923787
12,Touros,-5.2,-35.46,73.4,94,75,6.93,BR,1598923788
13,Samarai,-10.62,150.67,77.88,87,91,17.72,PG,1598923788
14,Tuktoyaktuk,69.45,-133.04,55.4,66,90,9.17,CA,1598923788
15,Mulegé,26.88,-111.98,89.06,57,95,4.99,MX,1598923788
16,Nikolskoye,59.7,30.79,57.2,87,75,11.18,RU,1598923789
17,Muros,42.78,-9.06,57.99,89,67,5.86,ES,1598923789
18,Hermanus,-34.42,19.23,49.84,82,44,12.66,ZA,1598923789
19,Chui,-33.7,-53.46,45.28,74,100,7.52,UY,1598923789
20,Albany,42.6,-73.97,63.0,69,100,3.91,US,1598923773
21,Tymovskoye,50.85,142.66,54.64,72,100,12.15,RU,1598923789
22,Hilo,19.73,-155.09,80.6,69,90,8.05,US,1598923790
23,Nizhniy Baskunchak,48.22,46.83,72.59,30,0,6.91,RU,1598923790
24,Jamestown,42.1,-79.24,66.99,88,40,8.05,US,1598923790
25,Rikitea,-23.12,-134.97,68.99,85,100,15.14,PF,1598923790
26,São Filipe,14.9,-24.5,77.49,74,100,7.11,CV,1598923790
27,Itarema,-2.92,-39.92,78.15,81,0,16.2,BR,1598923791
28,Carnarvon,-24.87,113.63,66.2,100,75,19.46,AU,1598923791
29,Korla,41.76,86.15,71.01,81,88,10.65,CN,1598923791
30,Hofn,64.25,-15.21,50.83,92,40,5.61,IS,1598923791
31,Port Alfred,-33.59,26.89,56.34,70,100,12.8,ZA,1598923792
32,Douentza,15.0,-2.95,79.48,74,42,6.98,ML,1598923792
33,Talaya,61.38,152.75,53.83,45,99,10.27,RU,1598923792
34,Punta Arenas,-53.15,-70.92,37.4,85,0,10.29,CL,1598923792
35,Sangar,63.92,127.47,56.17,69,21,6.46,RU,1598923792
36,Jabonga,9.34,125.52,85.03,66,73,4.21,PH,1598923793
37,Nemuro,43.32,145.57,60.8,82,75,6.93,JP,1598923793
38,Mahébourg,-20.41,57.7,69.8,83,75,12.75,MU,1598923793
39,Port Elizabeth,-33.92,25.57,57.27,67,100,14.7,ZA,1598923701
40,Verkhnyaya Inta,65.98,60.31,49.73,95,100,13.04,RU,1598923793
41,Tasiilaq,65.61,-37.64,39.2,93,100,6.93,GL,1598923794
42,Dhamrai,23.92,90.21,84.2,79,75,6.76,BD,1598923794
43,Balkhash,46.84,74.98,68.23,46,37,16.08,KZ,1598923794
44,Gualaquiza,-3.4,-78.55,61.95,87,94,1.92,EC,1598923794
45,Airai,-8.93,125.41,73.13,58,0,7.38,TL,1598923794
46,Bambous Virieux,-20.34,57.76,70.0,83,75,12.75,MU,1598923795
47,Opuwo,-18.06,13.84,51.17,47,0,3.22,NA,1598923795
48,Arroyo de la Encomienda,41.61,-4.8,59.0,41,100,2.24,ES,1598923795
49,Chokurdakh,70.63,147.92,41.63,76,100,10.56,RU,1598923795
50,Mbandaka,0.05,18.26,71.53,92,100,3.78,CD,1598923796
51,Atuona,-9.8,-139.03,78.84,76,78,22.68,PF,1598923796
52,Hobart,-42.88,147.33,50.0,51,75,11.41,AU,1598923677
53,Mataura,-46.19,168.86,45.0,72,87,11.01,NZ,1598923796
54,Ilulissat,69.22,-51.1,37.4,93,76,3.36,GL,1598923796
55,Lompoc,34.64,-120.46,66.2,68,1,10.29,US,1598923797
56,Nouadhibou,20.93,-17.03,71.6,78,0,12.75,MR,1598923797
57,Dunedin,-45.87,170.5,50.0,61,91,10.18,NZ,1598923797
58,Klaksvík,62.23,-6.59,51.8,93,100,20.8,FO,1598923797
59,Adrar,20.5,-10.07,90.46,14,0,6.67,MR,1598923797
60,San Patricio,19.22,-104.7,84.2,74,75,3.58,MX,1598923797
61,Bengkulu,-3.8,102.27,78.13,86,3,5.17,ID,1598923798
62,Nabire,-3.37,135.48,85.91,63,7,2.24,ID,1598923798
63,Mahrīz,31.59,54.43,68.0,30,20,6.93,IR,1598923798
64,Butaritari,3.07,172.79,84.13,72,97,8.21,KI,1598923798
65,Abirāmam,9.47,78.45,77.0,88,40,4.7,IN,1598923798
66,Sibu,2.3,111.82,80.6,83,40,5.82,MY,1598923799
67,Chern',53.45,36.91,63.75,59,94,8.48,RU,1598923799
68,Graham,47.05,-122.29,72.0,49,1,4.7,US,1598923799
69,Qaanaaq,77.48,-69.36,29.55,85,95,3.69,GL,1598923799
70,Busselton,-33.65,115.33,54.0,96,63,24.0,AU,1598923800
71,Ushuaia,-54.8,-68.3,37.4,93,40,28.86,AR,1598923691
72,Kiama,-34.68,150.87,59.0,62,17,1.99,AU,1598923800
73,Ayagoz,47.97,80.44,61.05,41,68,7.74,KZ,1598923800
74,Vågåmo,61.88,9.1,40.96,67,4,1.95,NO,1598923801
75,Bredasdorp,-34.53,20.04,47.93,91,81,6.71,ZA,1598923801
76,Qaqortoq,60.72,-46.03,46.4,75,100,3.36,GL,1598923802
77,Plettenberg Bay,-34.05,23.37,53.1,64,100,10.27,ZA,1598923803
78,Irkutsk,52.3,104.3,55.4,93,75,8.95,RU,1598923754
79,Lagoa,39.05,-27.98,70.81,71,75,10.89,PT,1598923804
80,Suntar,62.14,117.63,62.24,52,0,6.82,RU,1598923805
81,Bluff,-46.6,168.33,45.0,72,92,11.01,NZ,1598923806
82,Barrow,71.29,-156.79,39.2,69,75,23.04,US,1598923806
83,Bosaso,11.28,49.18,90.12,48,78,20.96,SO,1598923806
84,Telimele,10.92,-13.33,70.2,100,100,3.04,GN,1598923807
85,Tiksi,71.69,128.87,44.26,78,0,12.55,RU,1598923807
86,Kjøpsvik,68.1,16.37,52.0,93,100,23.04,NO,1598923807
87,Yokadouma,3.52,15.05,68.32,97,100,1.9,CM,1598923808
88,Santiago de Cao,-7.96,-79.24,60.31,87,62,15.35,PE,1598923808
89,Hithadhoo,-0.6,73.08,77.59,84,100,11.83,MV,1598923808
90,George Town,5.41,100.34,84.2,88,40,1.12,MY,1598923726
91,Santarém,-2.44,-54.71,73.4,100,90,10.29,BR,1598923514
92,Los Llanos de Aridane,28.66,-17.92,71.6,60,17,10.29,ES,1598923809
93,Necochea,-38.55,-58.74,39.0,76,67,2.59,AR,1598923809
94,Araouane,18.9,-3.53,93.09,38,0,8.93,ML,1598923809
95,Saravan,39.72,45.65,69.8,49,0,6.93,AM,1598923809
96,Vitória,-20.32,-40.34,73.4,83,40,4.7,BR,1598923545
97,Cumpas,29.98,-109.78,77.47,75,5,4.23,MX,1598923810
98,Ribeira Grande,38.52,-28.7,71.46,72,1,13.33,PT,1598923810
99,Tahe,52.33,124.73,55.56,89,99,2.3,CN,1598923810
100,San Cristobal,7.77,-72.22,82.4,58,40,4.7,VE,1598923810
101,Hong Kong,22.29,114.16,89.01,66,0,3.0,HK,1598923808
102,Havre-St-Pierre,50.23,-63.6,48.2,87,90,2.24,CA,1598923811
103,Zeerust,-25.54,26.08,52.0,89,100,9.71,ZA,1598923811
104,Castro,-24.79,-50.01,57.43,89,100,12.08,BR,1598923811
105,Olafsvik,64.89,-23.71,50.34,90,100,10.8,IS,1598923811
106,Golovino,55.96,40.43,63.1,83,43,8.55,RU,1598923812
107,Port Augusta,-32.5,137.77,62.6,36,82,24.16,AU,1598923812
108,Avarua,-21.21,-159.78,77.0,65,36,14.99,CK,1598923667
109,Gurinhém,-7.12,-35.42,73.4,94,75,6.93,BR,1598923812
110,Ketchikan,55.34,-131.65,59.0,93,90,5.82,US,1598923812
111,Cape Town,-33.93,18.42,53.01,87,75,5.82,ZA,1598923813
112,Esperance,-33.87,121.9,51.8,93,75,17.22,AU,1598923813
113,Nanortalik,60.14,-45.24,43.99,89,91,9.19,GL,1598923813
114,San Jerónimo,-11.95,-75.28,50.7,57,43,3.33,PE,1598923813
115,Vaini,-21.2,-175.2,80.6,83,75,13.87,TO,1598923813
116,Agadez,19.75,10.25,91.22,31,10,9.62,NE,1598923814
117,Kapaa,22.08,-159.32,84.99,70,90,20.8,US,1598923814
118,Ust-Kuyga,70.02,135.6,55.6,45,0,9.84,RU,1598923814
119,Dingle,11.0,122.67,86.41,72,49,8.48,PH,1598923814
120,Cerţeşti,46.02,27.62,63.75,46,0,0.78,RO,1598923815
121,Thompson,55.74,-97.86,50.0,93,75,9.17,CA,1598923815
122,Khatanga,71.97,102.5,45.12,68,88,11.74,RU,1598923815
123,Norman Wells,65.28,-126.83,55.4,82,90,4.7,CA,1598923815
124,Severo-Kuril'sk,50.68,156.12,53.28,68,68,7.56,RU,1598923815
125,Nuuk,64.18,-51.72,46.4,81,0,8.05,GL,1598923673
126,East London,-33.02,27.91,58.14,69,100,9.51,ZA,1598923816
127,Javānrūd,34.8,46.52,73.4,47,3,6.93,IR,1598923816
128,Richards Bay,-28.78,32.04,59.7,73,100,2.42,ZA,1598923816
129,Saint-Philippe,-21.36,55.77,69.8,68,75,4.7,RE,1598923816
130,Yulara,-25.24,130.99,73.4,25,0,4.7,AU,1598923817
131,Mingyue,43.11,128.92,65.61,89,99,4.94,CN,1598923817
132,Asilah,35.47,-6.03,75.2,69,0,19.46,MA,1598923817
133,Kamiiso,41.82,140.65,66.2,93,75,20.8,JP,1598923817
134,Grindavik,63.84,-22.43,50.0,100,75,10.29,IS,1598923818
135,Katherine,-14.47,132.27,89.6,35,100,11.41,AU,1598923818
136,Pevek,69.7,170.31,36.95,93,100,10.56,RU,1598923818
137,Palafrugell,41.92,3.16,63.0,75,98,3.47,ES,1598923818
138,Būlaevo,54.91,70.44,62.4,82,100,11.27,KZ,1598923818
139,Ponta do Sol,32.67,-17.1,69.8,68,20,16.11,PT,1598923819
140,Tessalit,20.2,1.01,90.16,35,19,1.86,ML,1598923819
141,Kannur,11.87,75.36,79.2,81,100,3.62,IN,1598923819
142,Sisimiut,66.94,-53.67,43.09,80,71,11.1,GL,1598923819
143,Laas,46.62,10.7,48.2,93,75,4.7,IT,1598923819
144,Lambaréné,-0.7,10.24,72.5,86,98,4.88,GA,1598923820
145,Byron Bay,-28.65,153.62,69.01,77,75,13.87,AU,1598923820
146,New Norfolk,-42.78,147.06,50.0,61,96,7.0,AU,1598923820
147,Tura,25.52,90.22,81.37,84,100,1.19,IN,1598923820
148,Veinticinco de Mayo,-35.43,-60.17,46.99,72,92,1.99,AR,1598923821
149,Yerbogachën,61.28,108.01,59.05,60,0,4.72,RU,1598923821
150,Mackenzie,55.3,-123.17,59.0,72,75,4.7,CA,1598923821
151,Rantepao,-2.97,119.9,70.5,88,100,1.45,ID,1598923821
152,Alexandria,31.22,29.96,80.6,74,0,6.93,EG,1598923821
153,Yellowknife,62.46,-114.35,50.0,61,75,9.17,CA,1598923822
154,Isangel,-19.55,169.27,77.0,61,75,9.17,VU,1598923822
155,Jiménez,28.33,-105.4,91.4,24,75,5.82,MX,1598923822
156,Kruisfontein,-34.0,24.73,47.66,78,100,6.64,ZA,1598923822
157,Saint George,37.1,-113.58,95.0,14,1,12.75,US,1598923550
158,Staryy Nadym,65.61,72.68,48.11,90,100,14.29,RU,1598923822
159,Mildura,-34.2,142.15,60.01,44,84,11.41,AU,1598923823
160,Faanui,-16.48,-151.75,77.56,76,36,22.39,PF,1598923823
161,Cidreira,-30.18,-50.21,57.43,71,100,12.88,BR,1598923823
162,Cedral,23.8,-100.73,78.96,45,56,13.82,MX,1598923823
163,Berezovyy,51.67,135.7,64.26,77,93,3.6,RU,1598923823
164,Ostrovnoy,68.05,39.51,43.11,88,22,5.75,RU,1598923824
165,Roebourne,-20.78,117.13,89.56,16,79,8.77,AU,1598923824
166,Goālpāra,26.17,90.62,83.53,80,92,4.18,IN,1598923824
167,Stornoway,58.21,-6.39,57.2,76,78,12.75,GB,1598923825
168,Kushima,31.46,131.23,86.0,83,75,12.75,JP,1598923825
169,Wattegama,6.8,81.48,77.0,100,90,2.24,LK,1598923825
170,Rio Grande,-32.03,-52.1,50.0,91,100,8.32,BR,1598923567
171,Moindou,-21.69,165.68,75.2,57,75,13.87,NC,1598923825
172,Banjar,-8.19,114.97,84.2,83,40,13.87,ID,1598923826
173,Srandakan,-7.94,110.25,79.39,75,100,11.92,ID,1598923715
174,Vrangel',42.73,133.08,63.39,83,99,14.94,RU,1598923826
175,Tartagal,-22.52,-63.8,50.38,80,100,5.95,AR,1598923826
176,Morgan City,29.7,-91.21,84.2,94,1,4.7,US,1598923826
177,Mehrān,33.12,46.16,75.2,27,20,6.93,IR,1598923827
178,Mandalgovi,45.76,106.27,54.19,50,5,16.24,MN,1598923827
179,Ancud,-41.87,-73.82,45.0,86,0,7.0,CL,1598923827
180,Fairbanks,64.84,-147.72,66.2,32,20,10.29,US,1598923671
181,San Miguel de Tucumán,-26.82,-65.22,51.8,81,100,4.7,AR,1598923827
182,Chumikan,54.72,135.31,52.54,94,100,13.35,RU,1598923828
183,Thyborøn,56.7,8.21,48.99,82,0,4.54,DK,1598923828
184,Winsum,53.33,6.52,55.0,93,28,1.12,NL,1598923828
185,Puerto Escondido,15.85,-97.07,82.4,58,40,5.82,MX,1598923828
186,Henties Bay,-22.12,14.28,48.99,86,0,8.68,NA,1598923828
187,Arlit,18.74,7.39,92.7,34,32,8.59,NE,1598923829
188,Chulym,55.1,80.96,62.1,75,100,13.35,RU,1598923829
189,Crestview,30.76,-86.57,79.0,83,1,4.45,US,1598923829
190,Mossamedes,-15.2,12.15,59.02,82,0,2.1,AO,1598923829
191,Clyde,41.3,-82.98,70.0,71,46,1.01,US,1598923829
192,Marystown,47.17,-55.15,53.58,86,93,14.14,CA,1598923830
193,Coos Bay,43.37,-124.22,75.99,77,1,24.16,US,1598923830
194,Tuy Hoa,13.08,109.3,87.44,61,63,5.99,VN,1598923830
195,Iskateley,67.68,53.15,47.55,86,100,13.69,RU,1598923831
196,Bandarbeyla,9.49,50.81,77.85,73,0,22.91,SO,1598923831
197,Kemijärvi,66.71,27.43,40.28,90,8,2.46,FI,1598923831
198,Mandurah,-32.55,115.7,57.0,70,97,7.0,AU,1598923831
199,Dongsheng,39.82,109.98,71.42,28,1,17.4,CN,1598923831
200,Kavieng,-2.57,150.8,83.64,72,97,7.65,PG,1598923832
201,Khani,41.96,42.96,80.6,42,0,20.8,GE,1598923832
202,Bahía Blanca,-38.72,-62.27,41.49,67,100,9.93,AR,1598923832
203,Jertih,5.73,102.49,82.4,83,20,4.7,MY,1598923832
204,Ishigaki,24.34,124.16,80.6,94,75,20.8,JP,1598923833
205,Talnakh,69.49,88.4,42.8,100,90,8.95,RU,1598923833
206,Hambantota,6.12,81.12,77.0,100,90,2.24,LK,1598923833
207,Lorengau,-2.02,147.27,84.04,75,50,4.7,PG,1598923833
208,Saint-Augustin,51.23,-58.65,46.87,88,80,6.58,CA,1598923833
209,Waipawa,-41.41,175.52,57.0,100,76,18.34,NZ,1598923834
210,Saint-Joseph,-21.37,55.62,68.0,68,75,4.7,RE,1598923834
211,Atar,20.52,-13.05,90.88,20,0,4.7,MR,1598923834
212,Vestmannaeyjar,63.44,-20.27,52.45,88,100,22.26,IS,1598923834
213,Fortuna,40.6,-124.16,68.0,68,20,12.75,US,1598923834
214,Nivala,63.92,24.97,45.0,92,0,4.0,FI,1598923835
215,Lidzbark Warmiński,54.13,20.58,50.29,95,66,5.26,PL,1598923835
216,Cabo San Lucas,22.89,-109.91,84.99,74,40,16.11,MX,1598923835
217,Laguna,38.42,-121.42,93.2,27,1,9.17,US,1598923835
218,Micheweni,-4.97,39.83,74.5,83,25,10.42,TZ,1598923836
219,Bilibino,68.05,166.44,42.48,64,80,5.48,RU,1598923836
220,Tete,-16.16,33.59,77.0,69,42,9.17,MZ,1598923553
221,Flin Flon,54.77,-101.86,46.47,87,78,6.98,CA,1598923836
222,Santa Cruz,30.42,-9.6,86.0,48,75,14.99,MA,1598923635
223,Tuatapere,-46.13,167.68,45.0,72,84,11.01,NZ,1598923836
224,Upernavik,72.79,-56.15,35.74,94,100,4.94,GL,1598923836
225,Iqaluit,63.75,-68.51,48.2,76,20,6.93,CA,1598923640
226,Avera,33.19,-82.53,80.6,100,1,3.36,US,1598923837
227,Narsaq,60.92,-46.05,46.4,75,93,3.36,GL,1598923837
228,Lata,40.16,-8.33,63.0,54,100,1.99,PT,1598923837
229,Ust'-Ilimsk,58.0,102.66,58.8,67,99,7.38,RU,1598923838
230,Martapura,-3.42,114.85,80.6,83,20,5.82,ID,1598923838
231,Vryburg,-26.96,24.73,42.75,75,7,9.75,ZA,1598923838
232,Giresun Province,40.5,38.5,71.6,100,75,4.72,TR,1598923838
233,Mar del Plata,-38.0,-57.56,44.01,60,75,9.17,AR,1598923838
234,Nuevo Imperial,-13.08,-76.32,59.43,80,5,1.34,PE,1598923839
235,Hasaki,35.73,140.83,79.0,88,75,16.11,JP,1598923839
236,Yar-Sale,66.83,70.83,46.63,81,100,11.7,RU,1598923839
237,Pangnirtung,66.15,-65.71,48.33,54,100,8.66,CA,1598923839
238,Punta de Bombón,-17.17,-71.79,59.9,80,92,4.94,PE,1598923840
239,Bugene,-1.59,31.14,60.76,84,0,0.18,TZ,1598923840
240,Forsytheganj,52.63,29.73,58.35,96,32,5.88,BY,1598923840
241,Naryan-Mar,67.67,53.09,47.5,85,98,12.17,RU,1598923840
242,Conceição do Mato Dentro,-19.04,-43.42,62.08,89,0,1.41,BR,1598923840
243,Leopold,-38.18,144.47,55.4,54,99,11.41,AU,1598923841
244,Egvekinot,66.32,-179.17,41.67,66,94,10.96,RU,1598923841
245,Tezu,27.92,96.17,81.41,79,72,0.74,IN,1598923841
246,Vila Franca do Campo,37.72,-25.43,71.6,88,20,12.75,PT,1598923841
247,Ponta Delgada,37.73,-25.67,71.6,88,20,12.75,PT,1598923841
248,Nyrob,60.73,56.72,49.48,87,100,1.61,RU,1598923842
249,Corpus Christi,27.8,-97.4,88.0,74,20,20.8,US,1598923563
250,Kingaroy,-26.53,151.83,81.0,29,0,4.7,AU,1598923842
251,Menongue,-14.66,17.69,59.81,69,38,2.08,AO,1598923842
252,Nagapattinam,10.77,79.83,80.6,81,100,11.86,IN,1598923842
253,Pinhão,-25.7,-51.66,60.51,93,100,6.26,BR,1598923842
254,Magadan,59.57,150.8,53.73,74,100,8.3,RU,1598923843
255,Moba,33.23,105.02,61.88,71,73,3.22,CN,1598923843
256,Bethel,41.37,-73.41,64.99,77,1,4.61,US,1598923663
257,Barwādih,23.83,84.12,80.8,80,100,3.56,IN,1598923844
258,Provideniya,64.38,-173.3,53.6,54,75,13.42,RU,1598923844
259,Lebu,-37.62,-73.65,45.79,84,0,2.93,CL,1598923844
260,Leshukonskoye,64.9,45.76,42.87,93,92,5.55,RU,1598923844
261,Petatlán,17.52,-101.27,77.7,83,53,1.68,MX,1598923845
262,Kholtoson,50.3,103.31,57.78,58,1,1.68,RU,1598923845
263,Tlapacoyan,19.97,-97.22,79.21,81,4,3.31,MX,1598923845
264,North Bend,43.41,-124.22,75.99,77,1,24.16,US,1598923845
265,Sechura,-5.56,-80.82,63.01,79,100,16.35,PE,1598923845
266,Vardø,70.37,31.11,48.96,71,100,17.49,NO,1598923846
267,Auki,-8.77,160.7,88.43,63,100,6.96,SB,1598923846
268,Synya,65.37,58.04,47.35,97,76,4.25,RU,1598923846
269,Te Anau,-45.42,167.72,42.84,78,25,7.31,NZ,1598923846
270,Sovetskiy,61.36,63.58,48.83,87,6,7.05,RU,1598923847
271,Arraial do Cabo,-22.97,-42.03,72.59,86,100,7.2,BR,1598923847
272,Kieta,-6.22,155.63,83.16,74,100,6.93,PG,1598923847
273,Miandrivazo,-19.52,45.47,70.39,67,0,1.28,MG,1598923847
274,Lebanon,36.21,-86.29,75.99,94,1,10.29,US,1598923656
275,Rāvar,31.27,56.81,59.16,34,0,1.68,IR,1598923848
276,Presidente Médici,-11.18,-61.9,81.9,43,0,1.5,BR,1598923591
277,Kangalassy,62.35,129.96,48.2,93,90,3.22,RU,1598923848
278,Buala,-8.14,159.59,86.59,65,100,6.58,SB,1598923848
279,Birin,26.89,88.07,77.0,94,75,4.7,NP,1598923848
280,Eyl,7.98,49.82,78.78,68,0,13.73,SO,1598923849
281,Nsanje,-16.92,35.26,69.58,86,2,4.7,MW,1598923849
282,Caravelas,-17.71,-39.25,71.62,90,94,5.14,BR,1598923849
283,Lavrentiya,65.58,-171.0,44.1,72,100,15.19,RU,1598923849
284,High Level,58.52,-117.14,53.6,87,90,3.36,CA,1598923849
285,Saskylakh,71.92,114.08,45.77,67,100,8.63,RU,1598923850
286,Boguchany,58.38,97.45,61.5,72,95,9.1,RU,1598923850
287,Herat Province,34.5,62.0,62.53,40,0,28.3,AF,1598923850
288,Shahreza,32.03,51.88,54.01,42,0,2.95,IR,1598923850
289,Poum,-20.23,164.02,70.02,65,50,10.11,NC,1598923851
290,Constitución,-35.33,-72.42,45.81,82,0,3.53,CL,1598923851
291,Panjāb,34.39,67.02,46.29,55,0,5.1,AF,1598923851
292,Santa Rosalía,27.32,-112.28,84.6,70,76,2.3,MX,1598923851
293,Torbay,47.67,-52.73,54.0,93,90,11.41,CA,1598923852
294,Sola,-13.88,167.55,80.6,94,90,10.29,VU,1598923852
295,Chardara,41.25,67.97,75.24,38,52,3.02,KZ,1598923852
296,Hūn,29.13,15.95,73.71,40,0,5.91,LY,1598923852
297,Yeppoon,-23.13,150.73,75.2,47,20,5.82,AU,1598923852
298,Jaru,-10.44,-62.47,79.41,52,0,3.29,BR,1598923853
299,Salalah,17.02,54.09,77.0,100,90,3.36,OM,1598923748
300,Baker City,44.77,-117.83,68.0,40,1,12.75,US,1598923853
301,Solnechnyy,50.72,136.63,60.67,84,100,6.15,RU,1598923853
302,Edirne,41.68,26.56,65.55,65,0,2.77,TR,1598923820
303,Voh,-20.97,164.7,74.91,50,92,10.09,NC,1598923853
304,Vung Tau,10.35,107.08,83.43,74,100,8.79,VN,1598923854
305,Manono,-7.3,27.42,72.59,77,5,0.92,CD,1598923854
306,Solwezi,-12.17,26.39,60.35,45,10,4.83,ZM,1598923854
307,Pangody,65.85,74.49,49.1,88,100,14.81,RU,1598923854
308,Barentu,15.11,37.59,69.12,90,99,5.28,ER,1598923854
309,Lüderitz,-26.65,15.16,53.08,63,0,22.24,NA,1598923855
310,Noyabrsk,63.2,75.45,52.5,96,100,12.84,RU,1598923855
311,Bahadurgarh,28.68,76.92,80.01,88,20,4.7,IN,1598923855
312,Biloela,-24.42,150.5,78.71,29,0,3.96,AU,1598923855
313,Saint-Ambroise,48.55,-71.33,53.01,93,20,5.82,CA,1598923856
314,Port Moresby,-9.44,147.18,82.4,78,40,11.41,PG,1598923856
315,Vega de Alatorre,20.03,-96.63,85.39,76,1,14.36,MX,1598923856
316,Kumul,42.8,93.45,73.94,20,0,7.94,CN,1598923650
317,Sestri Levante,44.27,9.4,64.0,81,2,3.0,IT,1598923856
318,Ivanivka,46.72,34.55,68.95,60,0,9.28,UA,1598923856
319,Vilyuysk,63.76,121.62,60.39,65,89,1.92,RU,1598923857
320,Kondagaon,19.6,81.67,76.01,87,98,4.07,IN,1598923857
321,San Fernando del Valle de Catamarca,-28.47,-65.79,48.29,52,70,8.3,AR,1598923857
322,Birao,10.28,22.79,70.09,93,83,1.72,CF,1598923857
323,Whitehorse,60.72,-135.05,61.0,46,75,18.34,CA,1598923841
324,Hirado,33.36,129.55,86.0,74,75,4.7,JP,1598923858
325,Marabu,4.41,114.01,82.4,83,40,4.7,MY,1598923858
326,Dzhebariki-Khaya,62.22,135.8,60.85,73,76,0.56,RU,1598923858
327,Bereket,39.24,55.52,73.24,39,43,7.27,TM,1598923858
328,Ambon City,-3.7,128.18,78.8,88,75,5.82,ID,1598923858
329,Port Hedland,-20.32,118.57,89.6,34,34,10.29,AU,1598923859
330,Pisco,-13.7,-76.22,62.01,82,0,10.29,PE,1598923859
331,Kenora,49.82,-94.43,55.4,62,75,6.93,CA,1598923721
332,São Raimundo Nonato,-9.02,-42.7,75.24,51,0,6.58,BR,1598923859
333,Rawson,-43.3,-65.1,43.47,67,0,13.49,AR,1598923859
334,Verkhnevilyuysk,63.45,120.32,61.72,61,63,3.76,RU,1598923860
335,Pimentel,-6.84,-79.93,62.6,77,100,20.8,PE,1598923860
336,Tevriz,57.51,72.4,56.91,92,100,9.4,RU,1598923860
337,Bac Lieu,9.29,105.72,85.98,71,81,9.15,VN,1598923860
338,Souillac,-20.52,57.52,69.8,83,75,12.75,MU,1598923860
339,Yakima,46.47,-120.67,82.0,28,1,6.93,US,1598923741
340,Brae,60.4,-1.35,53.6,87,53,16.11,GB,1598923861
341,Kigali,-1.95,30.06,60.8,87,40,5.82,RW,1598923861
342,Karwar,14.8,74.13,77.99,84,41,4.14,IN,1598923861
343,Otradnoye,59.78,30.82,57.2,87,75,11.18,RU,1598923862
344,Porbandar,21.64,69.61,80.96,83,11,10.65,IN,1598923862
345,Rio Verde de Mato Grosso,-18.92,-54.84,81.27,21,0,6.6,BR,1598923862
346,Guerrero Negro,27.98,-114.06,75.16,65,0,17.16,MX,1598923719
347,Ruangwa,-10.07,38.93,62.78,92,99,0.51,TZ,1598923862
348,Desbiens,48.42,-71.95,51.8,81,20,3.36,CA,1598923863
349,Havelock,34.88,-76.9,80.6,78,20,5.82,US,1598923749
350,Saint-Pierre,-21.34,55.48,68.0,68,75,4.7,RE,1598923863
351,Alofi,-19.06,-169.92,82.4,69,75,12.75,NU,1598923863
352,Neuquén,-38.95,-68.06,53.6,44,70,16.11,AR,1598923822
353,Ambilobe,-13.2,49.05,67.08,70,73,4.34,MG,1598923864
354,São João da Barra,-21.64,-41.05,72.03,85,94,10.74,BR,1598923864
355,Ulladulla,-35.35,150.47,59.0,54,40,5.82,AU,1598923864
356,Shakawe,-18.37,21.85,58.96,35,0,4.52,BW,1598923864
357,Province of Mantua,45.17,10.78,59.0,93,99,5.21,IT,1598923865
358,Walvis Bay,-22.96,14.51,48.99,81,0,3.36,NA,1598923593
359,Leningradskiy,69.38,178.42,36.82,95,100,4.79,RU,1598923865
360,Celestún,20.87,-90.4,83.52,77,0,14.92,MX,1598923865
361,Seoul,37.57,126.98,80.6,74,75,6.93,KR,1598923222
362,Takoradze,4.88,-1.76,74.25,90,87,6.46,GH,1598923865
363,Cayenne,4.93,-52.33,78.8,88,0,3.36,GF,1598923663
364,Sydney,-33.87,151.21,62.01,51,75,6.93,AU,1598923761
365,Shimoda,34.67,138.95,77.0,83,75,14.99,JP,1598923866
366,Lázaro Cárdenas,17.96,-102.2,79.34,79,100,0.74,MX,1598923866
367,Toyooka,35.53,134.83,84.2,70,40,3.36,JP,1598923866
368,Los Alamos,35.89,-106.31,70.0,35,1,4.7,US,1598923866
369,Kaitangata,-46.28,169.85,48.0,50,72,5.99,NZ,1598923867
370,Grants,35.15,-107.85,73.4,31,1,8.05,US,1598923867
371,Broome,42.25,-75.83,66.99,72,90,6.93,US,1598923867
372,Syracuse,37.09,15.28,78.8,83,0,4.7,IT,1598923867
373,Camacha,33.08,-16.33,69.8,73,20,12.75,PT,1598923868
374,Iporá,-16.44,-51.12,73.65,26,0,4.25,BR,1598923868
375,Begunitsy,59.59,29.32,57.2,87,75,11.18,RU,1598923868
376,Kichmengskiy Gorodok,59.98,45.79,53.31,96,100,4.5,RU,1598923868
377,Kushiro,42.98,144.37,60.8,87,75,2.24,JP,1598923869
378,Erzurum Province,40.0,41.5,60.8,44,0,6.93,TR,1598923869
379,Huarmey,-10.07,-78.15,61.2,84,90,12.46,PE,1598923869
380,Portland,45.52,-122.68,75.2,44,75,8.05,US,1598923624
381,Kandrian,-6.22,149.55,81.36,84,100,16.08,PG,1598923869
382,Sambava,-14.27,50.17,67.75,82,2,9.13,MG,1598923870
383,Beyneu,45.32,55.2,73.81,21,0,7.11,KZ,1598923870
384,Kasungu,-13.03,33.48,63.55,56,15,7.94,MW,1598923870
385,Omsukchan,62.53,155.8,50.43,60,100,7.4,RU,1598923870
386,Saint Paul Harbor,57.79,-152.41,62.6,59,40,11.41,US,1598923870
387,Geraldton,-28.77,114.6,64.4,55,40,14.99,AU,1598923658
388,Alakurtti,66.97,30.35,33.01,96,0,3.09,RU,1598923871
389,Beberibe,-4.18,-38.13,78.8,83,20,11.41,BR,1598923871
390,Narasannapeta,18.42,84.05,84.52,78,100,2.55,IN,1598923871
391,Semme,46.2,1.5,55.4,71,9,5.82,FR,1598923871
392,Dwārka,22.24,68.97,81.72,80,8,14.0,IN,1598923872
393,Kailua,21.4,-157.74,87.8,65,75,16.11,US,1598923872
394,Longyearbyen,78.22,15.64,37.4,86,75,18.34,SJ,1598923872
395,Hobyo,5.35,48.53,77.4,82,7,23.2,SO,1598923872
396,Manyana,-23.4,21.72,46.49,41,0,8.05,BW,1598923873
397,Birjand,32.87,59.22,59.0,44,0,6.93,IR,1598923856
398,San Quintín,30.48,-115.95,68.83,77,0,11.86,MX,1598923873
399,Katsuura,35.13,140.3,84.0,61,16,10.0,JP,1598923873
400,Nagato,34.38,131.2,87.8,79,75,9.17,JP,1598923873
401,Kinna,57.51,12.69,48.2,81,0,6.93,SE,1598923873
402,Grafton,42.21,-71.69,63.0,72,1,8.05,US,1598923681
403,Daru,-9.08,143.21,78.1,84,100,18.32,PG,1598923874
404,Kahului,20.89,-156.47,87.8,52,40,25.28,US,1598923874
405,Kondinskoye,59.65,67.41,51.33,85,87,11.79,RU,1598923874
406,Annāmalainagar,11.4,79.73,80.2,81,82,11.83,IN,1598923874
407,Coquimbo,-29.95,-71.34,53.6,76,8,6.93,CL,1598923875
408,Port Blair,11.67,92.75,84.36,73,100,6.85,IN,1598923875
409,Mareeba,-17.0,145.43,80.6,42,30,20.8,AU,1598923875
410,Havøysund,71.0,24.66,44.6,87,75,17.22,NO,1598923875
411,Chipinge,-20.19,32.62,56.48,97,98,5.61,ZW,1598923875
412,Cherskiy,68.75,161.3,45.73,70,97,1.77,RU,1598923876
413,Guaratinga,-16.57,-39.57,73.4,83,40,6.93,BR,1598923876
414,Ilhabela,-23.78,-45.36,70.29,88,100,7.29,BR,1598923876
415,Kenai,60.55,-151.26,60.8,71,1,27.51,US,1598923876
416,Belaya Gora,68.53,146.42,49.62,51,45,9.4,RU,1598923876
417,Kotri,25.37,68.31,80.92,78,100,17.4,PK,1598923877
418,Fort Nelson,58.81,-122.7,62.6,63,40,3.36,CA,1598923672
419,Nome,64.5,-165.41,61.0,48,40,11.41,US,1598923877
420,Uva,56.99,52.19,64.99,79,99,1.01,RU,1598923623
421,Isla Mujeres,21.23,-86.73,84.0,83,5,4.7,MX,1598923877
422,Thinadhoo,0.53,72.93,79.54,84,94,16.55,MV,1598923877
423,Kongwa,-6.2,36.42,57.78,89,1,4.72,TZ,1598923627
424,St. Marys,30.73,-81.55,78.8,81,1,10.29,US,1598923785
425,Haines Junction,60.75,-137.51,52.18,61,75,11.43,CA,1598923878
426,Bathsheba,13.22,-59.52,80.6,78,40,6.93,BB,1598923878
427,Ampanihy,-24.7,44.75,64.11,98,41,4.32,MG,1598923878
428,Tazovsky,67.47,78.7,45.3,86,1,11.99,RU,1598923878
429,Beringovskiy,63.05,179.32,48.24,62,38,13.42,RU,1598923879
430,Makassar,-5.14,119.42,86.0,70,20,2.24,ID,1598923685
431,Pandan,14.05,124.17,87.64,62,100,7.63,PH,1598923879
432,Salinópolis,-0.61,-47.36,79.27,81,0,11.43,BR,1598923879
433,Arman',59.7,150.17,54.46,69,100,5.35,RU,1598923879
434,Teixeira,-7.22,-37.25,62.26,82,0,9.8,BR,1598923880
435,Leticia,-4.22,-69.94,78.8,94,100,1.12,CO,1598923705
436,Zhigansk,66.77,123.37,53.82,70,97,2.68,RU,1598923880
437,Banjarmasin,-3.32,114.59,80.6,83,20,5.82,ID,1598923880
438,Tual,-5.67,132.75,79.79,85,26,14.34,ID,1598923880
439,Togur,58.36,82.83,59.97,92,100,9.6,RU,1598923881
440,Yumen,40.28,97.2,69.37,22,0,8.21,CN,1598923881
441,Pascagoula,30.37,-88.56,84.2,83,1,8.99,US,1598923778
442,Clyde River,70.47,-68.59,42.8,75,20,12.75,CA,1598923881
443,Wewak,-3.55,143.63,85.42,68,100,3.51,PG,1598923881
444,Sterling,39.01,-77.43,68.0,93,90,8.34,US,1598923882
445,Petropavlovsk-Kamchatskiy,53.05,158.65,62.6,55,55,2.24,RU,1598923882
446,Bāneh,36.0,45.89,59.32,41,4,5.75,IR,1598923882
447,Delta del Tigre,-34.76,-56.39,46.99,65,90,13.87,UY,1598923882
448,Aklavik,68.22,-135.01,59.0,58,75,11.41,CA,1598923882
449,Comodoro Rivadavia,-45.87,-67.5,37.4,93,14,5.46,AR,1598923883
450,Canindé,-4.36,-39.31,70.79,87,0,1.39,BR,1598923883
451,Vanimo,-2.67,141.3,86.77,60,100,3.53,PG,1598923883
452,Sulangan,11.14,123.72,84.24,71,55,6.85,PH,1598923883
453,Sobolevo,54.43,31.9,58.6,95,100,8.81,RU,1598923883
454,Bukama,-9.2,25.85,70.34,74,3,0.76,CD,1598923884
455,Hokitika,-42.72,170.97,52.09,64,99,9.28,NZ,1598923884
456,Saint-Prosper,46.21,-70.48,51.01,100,0,2.48,CA,1598923884
457,Gioia Tauro,38.42,15.9,75.99,83,75,5.82,IT,1598923885
458,Valkla,59.47,25.32,55.99,76,75,4.7,EE,1598923885
459,Ubari,26.59,12.78,83.48,15,0,8.39,LY,1598923885
460,Sedro-Woolley,48.5,-122.24,71.6,49,1,5.82,US,1598923885
461,Millinocket,45.66,-68.71,53.6,81,1,1.57,US,1598923675
462,Benguela,-12.58,13.41,65.8,88,0,2.86,AO,1598923886
463,Baykit,61.67,96.37,53.55,89,100,5.39,RU,1598923886
464,Dom Pedro,-4.48,-44.45,77.22,37,0,3.33,BR,1598923809
465,Ararat,39.83,44.7,68.0,49,0,4.7,AM,1598923886
466,Nuevo Progreso,23.17,-97.95,84.0,64,41,1.99,MX,1598923886
467,Itupiranga,-5.13,-49.33,78.8,74,29,1.32,BR,1598923887
468,Tottori-shi,35.5,134.23,86.0,70,20,6.93,JP,1598923887
469,El Espino,8.84,-79.85,80.6,88,100,5.82,PA,1598923887
470,Broken Hill,-31.95,141.43,59.0,33,0,11.41,AU,1598923635
471,Punta Cardon,11.66,-70.22,83.19,74,99,11.34,VE,1598923887
472,Neftçala,39.37,49.25,73.87,71,0,9.17,AZ,1598923888
473,Marzuq,14.4,46.47,79.97,52,93,3.18,YE,1598923888
474,Saint Anthony,45.02,-93.22,68.0,48,1,5.82,US,1598923888
475,Luanda,-8.84,13.23,69.48,85,98,7.34,AO,1598923888
476,San Luis,-33.3,-66.34,51.66,44,100,2.84,AR,1598923888
477,Baghdad,33.34,44.4,80.6,34,0,3.36,IQ,1598923889
478,Raduzhny,62.1,77.47,54.54,89,100,14.92,RU,1598923889
479,Husavik,66.04,-17.34,50.0,76,63,2.95,IS,1598923889
480,Ashtian,34.52,50.0,50.18,54,0,7.92,IR,1598923889
481,Baft,29.23,56.61,61.0,30,0,5.77,IR,1598923889
482,Kaltasy,55.97,54.8,60.89,85,18,10.31,RU,1598923890
483,Nuevitas,21.55,-77.26,80.6,78,5,11.41,CU,1598923890
484,Srednekolymsk,67.45,153.68,49.8,55,82,12.33,RU,1598923890
485,Derzhavīnsk,51.1,66.32,70.54,39,0,0.6,KZ,1598923890
486,Kindu,-2.95,25.95,70.3,94,55,1.34,CD,1598923891
487,Shingū,33.73,135.98,87.8,74,20,8.05,JP,1598923891
488,Saint-François,46.42,3.91,48.99,93,0,1.3,FR,1598923891
489,Paamiut,61.99,-49.67,42.64,85,0,8.37,GL,1598923891
490,Goderich,43.75,-81.72,66.0,80,100,10.42,CA,1598923892
491,Drumheller,51.46,-112.71,64.0,40,100,7.09,CA,1598923892
492,Japura,-0.32,102.35,78.57,86,92,3.91,ID,1598923892
493,Lac du Bonnet,50.25,-96.06,55.99,99,82,7.61,CA,1598923892
494,Vostok,46.49,135.88,69.31,48,3,4.45,RU,1598923893
495,Shenzhen,22.55,114.07,91.0,75,3,1.01,CN,1598923732
496,Port-Gentil,-0.72,8.78,75.02,83,95,13.6,GA,1598923893
497,Chirnside,55.8,-2.21,43.0,94,22,6.15,GB,1598923893
498,Bereda,43.27,-7.54,57.99,98,99,1.01,ES,1598923893
499,Guayaramerín,-10.84,-65.36,76.01,74,4,1.79,BO,1598923894
500,Anloga,5.79,0.9,77.0,83,40,11.41,GH,1598923894
501,Carman,49.5,-98.0,59.0,54,20,2.24,CA,1598923866
502,Odienné,9.51,-7.57,70.25,96,100,4.74,CI,1598923894
503,Bilma,18.69,12.92,89.08,36,0,7.85,NE,1598923894
504,Palmital,-22.79,-50.22,65.14,80,3,13.69,BR,1598923895
505,Vao,-22.67,167.48,68.59,69,2,11.83,NC,1598923895
506,Sombrerete,23.63,-103.65,58.6,83,98,12.8,MX,1598923895
507,Shimsk,58.21,30.71,49.41,97,26,5.26,RU,1598923895
508,Mandera,3.94,41.87,76.01,62,22,13.8,KE,1598923895
509,Wilmington,34.23,-77.94,82.4,83,40,3.36,US,1598923725
510,Clearlake,38.96,-122.63,89.01,39,0,3.0,US,1598923896
511,Rocha,-34.48,-54.33,42.49,74,100,7.29,UY,1598923766
512,Mehamn,71.04,27.85,46.15,75,81,21.45,NO,1598923896
513,Platteville,42.73,-90.48,64.4,77,1,4.7,US,1598923896
514,Killybegs,54.63,-8.45,57.0,90,100,5.99,IE,1598923896
515,Ahipara,-35.17,173.17,61.97,70,4,12.71,NZ,1598923897
516,Little Current,45.98,-81.92,66.2,77,90,9.17,CA,1598923897
517,Dubti,11.74,41.09,87.73,49,100,11.07,ET,1598923897
518,Olavarría,-36.89,-60.32,37.78,81,0,9.22,AR,1598923897
519,College,64.86,-147.8,66.2,37,75,4.7,US,1598923898
520,Meulaboh,4.14,96.13,77.43,88,100,7.34,ID,1598923898
521,Skjervøy,70.03,20.97,47.12,79,99,2.42,NO,1598923898
522,Praia da Vitória,38.73,-27.07,71.6,73,20,9.01,PT,1598923898
523,Moerai,-22.43,-151.33,70.45,76,100,19.75,PF,1598923898
524,Padang,-0.95,100.35,83.79,67,47,2.37,ID,1598923899
525,Ola,59.58,151.28,54.39,73,86,13.0,RU,1598923899
526,Inhambane,-23.86,35.38,67.08,79,100,14.52,MZ,1598923899
527,Rock Springs,41.59,-109.2,48.2,41,75,11.41,US,1598923899
528,Cockburn Town,21.46,-71.14,83.28,82,18,18.39,TC,1598923900
529,Palauig,15.44,119.9,84.27,76,15,10.89,PH,1598923900
530,Marawi,8.0,124.29,84.0,75,100,5.01,PH,1598923900
531,Nizhnevartovsk,60.93,76.55,55.4,87,75,11.18,RU,1598923900
532,Luganville,-15.53,167.17,80.6,78,75,9.17,VU,1598923900
533,Mogadishu,2.04,45.34,77.45,84,14,17.81,SO,1598923901
534,Port Montt,-41.47,-72.94,44.6,93,1,5.82,CL,1598923901
535,Katangli,51.71,143.23,53.53,83,100,7.02,RU,1598923901
536,Kutum,14.2,24.67,73.53,70,65,5.01,SD,1598923901
537,Bongor,10.28,15.37,73.06,93,100,0.87,TD,1598923902
538,La Palma,33.85,-118.05,77.0,53,1,9.17,US,1598923875
539,Kungurtug,50.6,97.52,55.76,52,0,0.51,RU,1598923902
540,Kaeo,-35.1,173.78,63.07,64,62,11.07,NZ,1598923902
541,Sulphur,30.24,-93.38,84.2,83,40,9.17,US,1598923903
542,Yaviza,8.15,-77.69,74.43,93,100,0.4,PA,1598923903
543,Simões,-7.6,-40.82,75.09,49,0,15.99,BR,1598923903
544,Qasigiannguit,68.82,-51.19,37.4,93,37,3.36,GL,1598923903
545,Kahna Nau,31.37,74.37,78.8,88,40,9.17,PK,1598923904
546,Marrakesh,31.63,-8.01,84.2,45,40,2.24,MA,1598923904
547,Polunochnoye,60.87,60.42,45.88,91,40,3.78,RU,1598923904
548,Yinchuan,38.47,106.27,73.51,33,95,14.12,CN,1598923904
549,Berlevåg,70.86,29.09,48.0,76,79,20.96,NO,1598923905
550,Saldanha,-33.01,17.94,49.46,79,0,10.31,ZA,1598923905
551,Payakumbuh,-0.22,100.63,79.38,72,90,1.99,ID,1598923905
552,Poya,-21.35,165.15,74.48,50,55,9.26,NC,1598923905
